ACC,BACC,Sensitivity_Recall,Specificity,mcc,roc_auc,AP
0.9056309635801639,0.9056309635801639,0.8942615239887112,0.9170004031716167,0.811471742706354,0.9605775834811144,0.9599999814034655
