ACC,BACC,Sensitivity_Recall,Specificity,mcc,roc_auc,AP
0.9136675178067464,0.9136675178067464,0.9007929041795457,0.926542131433947,0.8276094430310911,0.9646875633088072,0.9637658382137728
