ACC,BACC,Sensitivity_Recall,Specificity,mcc,roc_auc,AP
0.8978766294852842,0.8978766294852842,0.887273215965596,0.9084800430049724,0.7959322562109317,0.954865264228578,0.9533346790646903
